Team,Score,Overs,RPO,Inns,Opposition,Ground,Start Date,Result
India,418/5,50,8.36,1,v West Indies,Indore,08-Dec-11,won
India,414/7,50,8.28,1,v Sri Lanka,Rajkot,15-Dec-09,won
India,413/5,50,8.26,1,v Bermuda,Port of Spain,19-Mar-07,won
India,404/5,50,8.08,1,v Sri Lanka,Kolkata,13-Nov-14,won
India,401/3,50,8.02,1,v South Africa,Gwalior,24-Feb-10,won
India,392/4,50,7.84,1,v New Zealand,Christchurch,08-Mar-09,won
India,392/4,50,7.84,1,v Sri Lanka,Mohali,13-Dec-17,won
India,387/5,50,7.74,1,v England,Rajkot,14-Nov-08,won
India,387/5,50,7.74,1,v West Indies,Visakhapatnam,18-Dec-19,won
India,383/6,50,7.66,1,v Australia,Bengaluru,02-Nov-13,won
India,381/6,50,7.62,1,v England,Cuttack,19-Jan-17,won
India,377/5,50,7.54,1,v West Indies,Mumbai (BS),29-Oct-18,won
India,376/2,50,7.52,1,v New Zealand,Hyderabad (Deccan),08-Nov-99,won
India,375/5,50,7.5,1,v Sri Lanka,Colombo (RPS),31-Aug-17,won
India,374/4,50,7.48,1,v Hong Kong,Karachi,25-Jun-08,won
India,373/6,50,7.46,1,v Sri Lanka,Taunton,26-May-99,won
India,370/4,50,7.4,1,v Bangladesh,Mirpur,19-Feb-11,won
India,363/5,50,7.26,1,v Sri Lanka,Colombo (RPS),03-Feb-09,won
India,363/5,50,7.26,1,v Sri Lanka,Cuttack,02-Nov-14,won
India,362/1,43.3,8.32,2,v Australia,Jaipur,16-Oct-13,won
India,358/9,50,7.16,1,v Australia,Mohali,10-Mar-19,lost
India,356/9,50,7.12,1,v Pakistan,Visakhapatnam,05-Apr-05,won
India,356/7,48.1,7.39,2,v England,Pune,15-Jan-17,won
India,354/7,50,7.08,1,v Australia,Nagpur,28-Oct-09,won
India,353/5,50,7.06,1,v New Zealand,Hyderabad (Deccan),15-Nov-03,won
India,352/5,50,7.04,1,v Australia,The Oval,09-Jun-19,won
India,351/3,50,7.02,1,v Kenya,Paarl,24-Oct-01,won
India,351/4,49.3,7.09,2,v Australia,Nagpur,30-Oct-13,won
India,350/6,50,7,1,v Sri Lanka,Nagpur,25-Oct-05,won
India,349/7,50,6.98,1,v Pakistan,Karachi,13-Mar-04,won
India,348/5,50,6.96,1,v Bangladesh,Dhaka,27-Dec-04,won
India,347,49.4,6.98,2,v Australia,Hyderabad (Deccan),05-Nov-09,lost
India,347/4,50,6.94,1,v New Zealand,Hamilton,05-Feb-20,lost
India,341/3,50,6.82,1,v West Indies,Vadodara,31-Jan-07,won
India,340/6,50,6.8,1,v Australia,Rajkot,17-Jan-20,won
India,339/6,50,6.78,1,v West Indies,Kingston,26-Jun-09,won
India,338/3,50,6.76,1,v West Indies,Nagpur,21-Jan-07,won
India,338,49.5,6.78,1,v England,Bengaluru,27-Feb-11,tied
India,338/9,50,6.76,2,v Australia,Sydney,29-Nov-20,lost
India,337/6,50,6.74,1,v New Zealand,Kanpur,29-Oct-17,won
India,336/5,50,6.72,1,v Pakistan,Manchester,16-Jun-19,won
India,336/6,50,6.72,1,v England,Pune,26-Mar-21,lost
India,333/6,50,6.66,1,v Zimbabwe,Guwahati,19-Mar-02,won
India,332/5,50,6.64,1,v Sri Lanka,Colombo (RPS),05-Feb-09,won
India,331/7,50,6.62,1,v South Africa,Cardiff,06-Jun-13,won
India,331/4,49.4,6.66,2,v Australia,Sydney,23-Jan-16,won
India,330/8,50,6.6,1,v Pakistan,Mirpur,10-Jun-08,won
India,330/4,47.5,6.89,2,v Pakistan,Mirpur,18-Mar-12,won
India,330/6,50,6.6,1,v West Indies,Dharamsala,17-Oct-14,won
India,329/2,50,6.58,1,v Kenya,Bristol,23-May-99,won
India,329/7,50,6.58,1,v England,Bristol,24-Aug-07,won
India,329,48.2,6.8,1,v England,Pune,28-Mar-21,won
India,328,49.4,6.6,1,v Pakistan,Peshawar,06-Feb-06,lost
India,326/8,49.3,6.58,2,v England,Lord's,13-Jul-02,won
India,326/2,42.1,7.73,2,v West Indies,Guwahati,21-Oct-18,won
India,325/5,47.4,6.81,2,v West Indies,Ahmedabad,15-Nov-02,won
India,324/6,50,6.48,1,v England,Leeds,02-Sep-07,won
India,324/4,50,6.48,1,v New Zealand,Mount Maunganui,26-Jan-19,won
India,323,49.2,6.54,2,v Australia,Canberra,20-Jan-16,lost
India,321/9,50,6.42,1,v Pakistan,Mohali,08-Nov-07,lost
India,321/5,48.5,6.57,2,v New Zealand,Bengaluru,07-Dec-10,won
India,321/3,36.4,8.75,2,v Sri Lanka,Hobart,28-Feb-12,won
India,321/6,50,6.42,1,v Sri Lanka,The Oval,08-Jun-17,lost
India,321/6,50,6.42,1,v West Indies,Visakhapatnam,24-Oct-18,tied
India,319/6,50,6.38,1,v Zimbabwe,Mohali,10-Mar-02,won
India,319/5,50,6.38,1,v Sri Lanka,Colombo (RPS),14-Sep-09,won
India,319/3,48,6.64,1,v Pakistan,Birmingham,04-Jun-17,won
India,317,48.4,6.51,2,v Pakistan,Rawalpindi,16-Mar-04,lost
India,317/8,49.4,6.38,2,v England,The Oval,05-Sep-07,won
India,317/3,48.1,6.58,2,v Sri Lanka,Kolkata,24-Dec-09,won
India,317/6,50,6.34,1,v Bangladesh,Mirpur,24-Jun-15,won
India,317/5,50,6.34,1,v England,Pune,23-Mar-21,won
India,316/7,47.5,6.6,2,v Pakistan,Dhaka,18-Jan-98,won
India,316/9,50,6.32,2,v England,Rajkot,11-Jan-13,lost
India,316/9,50,6.32,2,v England,Kolkata,22-Jan-17,lost
India,316/6,48.4,6.49,2,v West Indies,Cuttack,22-Dec-19,won
India,315,49.5,6.32,1,v Australia,Bengaluru,25-Mar-01,won
India,315/6,48,6.56,1,v Pakistan,Ahmedabad,12-Apr-05,lost
India,314/6,50,6.28,1,v Sri Lanka,Hambantota,21-Jul-12,won
India,314/9,50,6.28,2,v New Zealand,Auckland,25-Jan-14,tied
India,314/9,50,6.28,1,v Bangladesh,Birmingham,02-Jul-19,won
India,313/8,50,6.26,2,v Australia,Bengaluru,28-Sep-17,lost
India,311/2,50,6.22,1,v Namibia,Pietermaritzburg,23-Feb-03,won
India,311/7,50,6.22,1,v West Indies,Port of Spain,05-Jul-13,won
India,310,48.5,6.34,2,v South Africa,Nagpur,19-Mar-00,lost
India,310/4,46.5,6.61,2,v Sri Lanka,Karachi,03-Jul-08,won
India,310/5,43,7.2,1,v West Indies,Port of Spain,25-Jun-17,won
India,309/5,50,6.18,1,v Australia,Kochi,01-Apr-98,won
India,309/5,50,6.18,1,v West Indies,Kuala Lumpur,14-Sep-06,lost
India,309/3,50,6.18,1,v Australia,Perth,12-Jan-16,lost
India,308/7,50,6.16,1,v Pakistan,Karachi,02-Jul-08,lost
India,308/8,50,6.16,1,v Australia,Brisbane,15-Jan-16,lost
India,308/8,50,6.16,2,v Australia,Sydney,27-Nov-20,lost
India,307/6,50,6.14,1,v Sri Lanka,Colombo (RPS),07-Jul-98,won
India,307/8,50,6.14,1,v Australia,Dhaka,28-Oct-98,won
India,307/4,50,6.14,1,v South Africa,Dhaka,13-Apr-03,won
India,307/7,50,6.14,1,v South Africa,Melbourne,22-Feb-15,won
India,306,47,6.51,2,v New Zealand,Rajkot,05-Nov-99,lost
India,306/5,50,6.12,1,v Zimbabwe,Ahmedabad,05-Dec-00,won
India,306/5,50,6.12,2,v England,Birmingham,30-Jun-19,lost
India,305/5,50,6.1,1,v Pakistan,Sharjah,15-Apr-96,won
India,304,50,6.08,1,v Sri Lanka,Bristol,11-Jul-02,won
India,304/6,50,6.08,1,v England,Cardiff,16-Sep-11,lost
India,304/3,50,6.08,1,v Sri Lanka,Mirpur,13-Mar-12,won
India,304/6,50,6.08,1,v England,Cardiff,27-Aug-14,won
India,303/4,50,6.06,1,v Australia,Brisbane,18-Jan-04,won
India,303/4,46.1,6.56,2,v Sri Lanka,Jaipur,31-Oct-05,won
India,303/9,50,6.06,1,v Australia,Mohali,19-Oct-13,lost
India,303/6,50,6.06,1,v South Africa,Cape Town,07-Feb-18,won
India,302/7,49.4,6.08,2,v South Africa,Kochi,09-Mar-00,won
India,302/6,50,6.04,1,v Bangladesh,Melbourne,19-Mar-15,won
India,302/5,50,6.04,1,v Australia,Canberra,02-Dec-20,won
India,301/3,50,6.02,1,v Zimbabwe,Cuttack,09-Apr-98,won
India,301/6,50,6.02,1,v Zimbabwe,Rajkot,14-Dec-00,won
India,301/4,42.1,7.13,2,v Pakistan,Karachi,26-Jun-08,won
India,301/7,50,6.02,1,v Sri Lanka,Nagpur,18-Dec-09,lost
India,300/7,50,6,2,v Sri Lanka,Colombo (RPS),17-Aug-97,lost
India,300/7,50,6,1,v England,Hyderabad (Deccan),14-Oct-11,won
India,300/5,49.2,6.08,2,v England,Mohali,20-Oct-11,won
India,300/7,50,6,1,v Pakistan,Adelaide,15-Feb-15,won
India,299/4,40,7.47,1,v Sri Lanka,Mumbai,17-Jan-87,won
India,299/8,50,5.98,1,v Australia,Indore,31-Mar-01,won
India,299/7,50,5.98,2,v Australia,Nagpur,14-Oct-07,lost
India,299,49.1,6.08,2,v Australia,Sydney,24-Feb-08,lost
India,299/8,50,5.98,1,v South Africa,Chennai,22-Oct-15,won
India,299/4,49.2,6.06,2,v Australia,Adelaide,15-Jan-19,won
India,298/9,50,5.96,1,v South Africa,Jaipur,21-Feb-10,won
India,298/7,50,5.96,2,v South Africa,Kanpur,11-Oct-15,lost
India,297/4,47.3,6.25,2,v Bangladesh,Mirpur,07-Jan-10,won
India,296/4,50,5.92,1,v Sri Lanka,Colombo (SSC),29-Aug-99,won
India,296/4,50,5.92,1,v Australia,Sydney,22-Jan-04,lost
India,296,48.4,6.08,1,v South Africa,Nagpur,12-Mar-11,lost
India,296/7,50,5.92,1,v New Zealand,Mount Maunganui,11-Feb-20,lost
India,295/6,50,5.9,1,v South Africa,Nairobi (Gym),13-Oct-00,won
India,295/6,50,5.9,1,v Australia,Melbourne,17-Jan-16,lost
India,294/5,45,6.53,2,v Pakistan,Lahore,21-Mar-04,won
India,294/6,50,5.88,1,v England,Margao,03-Apr-06,won
India,294/6,50,5.88,1,v Pakistan,Kanpur,11-Nov-07,won
India,294/7,50,5.88,1,v Sri Lanka,Pallekele,04-Aug-12,won
India,294/8,50,5.88,1,v Zimbabwe,Harare,26-Jul-13,won
India,294/5,47.5,6.14,2,v Australia,Indore,24-Sep-17,won
India,293/7,50,5.86,1,v Pakistan,Lahore,24-Mar-04,won
India,292,49.2,5.91,2,v Pakistan,Chennai,21-May-97,lost
India,292/6,50,5.84,1,v Sri Lanka,Johannesburg,10-Mar-03,won
India,292/6,50,5.84,1,v Pakistan,Kolkata,13-Nov-04,lost
India,292/5,47.4,6.12,2,v Pakistan,Lahore,13-Feb-06,won
India,292/9,50,5.84,1,v England,Indore,17-Nov-08,won
India,292/5,48.5,5.97,2,v Australia,Visakhapatnam,20-Oct-10,won
India,291/9,50,5.82,1,v Sri Lanka,Colombo (SSC),23-Aug-97,n/r
India,291/4,50,5.82,1,v Australia,Chandigarh,08-Oct-07,won
India,290/8,48,6.04,1,v West Indies,Vadodara,18-Nov-02,lost
India,290/4,50,5.8,1,v Kenya,Southampton,11-Sep-04,won
India,290,48.2,6,2,v Pakistan,Mirpur,14-Jun-08,lost
India,289/6,50,5.78,1,v Australia,Delhi,22-Oct-87,won
India,289/3,50,5.78,1,v New Zealand,Delhi,03-Nov-94,won
India,289/6,50,5.78,1,v Australia,Mohali,03-Nov-96,won
India,289/3,49.1,5.87,2,v England,Indore,15-Apr-06,won
India,289/5,50,5.78,1,v Bangladesh,Mirpur,16-Mar-12,lost
India,289/3,48.2,5.97,2,v New Zealand,Mohali,23-Oct-16,won
India,289/7,50,5.78,1,v South Africa,Johannesburg,10-Feb-18,lost
India,289/3,47.3,6.08,2,v Australia,Bengaluru,19-Jan-20,won
India,288/6,50,5.76,1,v Zimbabwe,Colombo (RPS),14-Sep-02,won
India,288/8,50,5.76,2,v Australia,Vadodara,25-Oct-09,lost
India,288/5,49.4,5.79,2,v Sri Lanka,Colombo (RPS),28-Jul-12,won
India,288/7,50,5.76,1,v West Indies,Visakhapatnam,24-Nov-13,lost
India,288/7,48.4,5.91,2,v Sri Lanka,Ranchi,16-Nov-14,won
India,288/4,48.4,5.91,2,v Zimbabwe,Auckland,14-Mar-15,won
India,287/4,50,5.74,1,v South Africa,New Delhi,14-Nov-91,lost
India,287/8,50,5.74,1,v Pakistan,Bengaluru,09-Mar-96,won
India,287/4,50,5.74,1,v Sri Lanka,Nagpur,22-Mar-99,won
India,287/2,46.5,6.12,2,v Pakistan,Karachi,19-Feb-06,won
India,287/8,50,5.74,1,v West Indies,Chennai,15-Dec-19,lost
India,287/6,50,5.74,1,v South Africa,Paarl,21-Jan-22,lost
India,286/6,50,5.72,1,v Sri Lanka,Pune,30-Mar-99,won
India,286/8,50,5.72,2,v Australia,Bengaluru,12-Nov-03,lost
India,285/4,50,5.7,1,v England,Chester-le-Street,04-Jul-02,n/r
India,285/8,50,5.7,1,v Sri Lanka,Ahmedabad,06-Nov-05,lost
India,285/5,50,5.7,1,v Zimbabwe,Bulawayo,28-May-10,lost
India,285/6,50,5.7,1,v England,Kochi,15-Jan-13,won
India,285/7,50,5.7,1,v Hong Kong,Dubai (DSC),18-Sep-18,won
India,284/8,49,5.79,1,v Bangladesh,Mirpur,12-May-07,won
India,284/3,43.2,6.55,2,v Bangladesh,Karachi,28-Jun-08,won
India,283/6,49.5,5.67,2,v South Africa,Vadodara,17-Mar-00,won
India,283/8,50,5.66,1,v Zimbabwe,Jodhpur,08-Dec-00,lost
India,283/6,50,5.66,1,v West Indies,Jamshedpur,06-Nov-02,lost
India,283/5,50,5.66,1,v Australia,Gwalior,26-Oct-03,won
India,283,49.2,5.73,2,v South Africa,Cape Town,23-Jan-22,lost
India,282/5,47,6,1,v West Indies,Albion,29-Mar-83,won
India,282/8,47.1,5.97,2,v New Zealand,Vadodara,17-Dec-88,won
India,282/5,53,5.32,2,v England,Nottingham,20-Jul-90,won
India,281/4,40.5,6.88,2,v Sri Lanka,Delhi,15-Sep-82,won
India,281/8,50,5.62,1,v England,Kolkata,19-Jan-02,won
India,281/8,50,5.62,1,v Pakistan,Kochi,02-Apr-05,won
India,281/7,50,5.62,1,v Australia,Chennai,17-Sep-17,won
India,281,48.2,5.81,2,v Australia,Ranchi,08-Mar-19,lost
India,280/7,50,5.6,1,v Zimbabwe,Adelaide,24-Jan-04,won
India,280/5,50,5.6,1,v England,Lord's,11-Sep-11,tied
India,280/4,49,5.71,2,v Bangladesh,Fatullah,26-Feb-14,won
India,280/8,50,5.6,1,v New Zealand,Mumbai,22-Oct-17,lost
India,279/5,50,5.58,1,v South Africa,Johannesburg,05-Oct-01,lost
India,279/9,47,5.93,1,v West Indies,Nagpur,09-Nov-02,lost
India,279/4,47.3,5.87,2,v New Zealand,Harare,02-Sep-05,won
India,279/9,50,5.58,1,v Sri Lanka,Mirpur,05-Jan-10,lost
India,279/7,50,5.58,1,v West Indies,Port of Spain,11-Aug-19,won
India,278/5,50,5.56,1,v New Zealand,Hamilton,28-Jan-14,lost
India,277/6,50,5.54,1,v Zimbabwe,Nairobi (Gym),01-Oct-99,won
India,277/4,48.2,5.73,2,v Sri Lanka,Mumbai,02-Apr-11,won
India,277/9,41.3,6.67,2,v New Zealand,Hamilton,22-Jan-14,lost
India,277/7,49.1,5.63,2,v Sri Lanka,Colombo (RPS),20-Jul-21,won
India,276/4,45.4,6.04,2,v Pakistan,Centurion,01-Mar-03,won
India,276,49.3,5.57,1,v Bangladesh,Dhaka,11-Apr-03,won
India,276,49.3,5.57,1,v New Zealand,Harare,06-Sep-05,lost
India,276,49,5.63,1,v New Zealand,Guwahati,28-Nov-10,won
India,276/5,50,5.52,1,v Zimbabwe,Harare,14-Jul-15,won
India,275/4,48.3,5.67,2,v Australia,Sharjah,24-Apr-98,won
India,275,49.5,5.51,2,v Pakistan,Jaipur,18-Nov-07,lost
India,275,44.3,6.17,2,v South Africa,Ahmedabad,27-Feb-10,lost
India,275/4,44.3,6.17,2,v Sri Lanka,Ahmedabad,06-Nov-14,won
India,274/6,50,5.48,1,v West Indies,Kolkata,05-Nov-94,won
India,274/5,50,5.48,1,v Zimbabwe,Vadodara,05-Apr-98,won
India,274/8,50,5.48,2,v West Indies,Harare,07-Jul-01,lost
India,274/6,50,5.48,1,v Zimbabwe,Faridabad,07-Mar-02,lost
India,274/7,50,5.48,1,v England,Chester-le-Street,03-Sep-11,n/r
India,274/7,50,5.48,1,v South Africa,Port Elizabeth,13-Feb-18,won
India,273/4,46,5.93,1,v Pakistan,Sharjah,15-Oct-89,lost
India,273/5,50,5.46,1,v U.A.E.,Sharjah,13-Apr-94,won
India,273/4,43.4,6.25,2,v England,Cuttack,26-Nov-08,won
India,273/4,38,7.18,1,v New Zealand,Napier,03-Mar-09,won
India,272/4,48.5,5.56,2,v England,Lord's,29-Jun-02,won
India,271/3,48.1,5.62,2,v New Zealand,Vadodara,28-Oct-94,won
India,271/3,50,5.42,1,v Sri Lanka,Delhi,02-Mar-96,lost
India,271/2,39.3,6.86,2,v England,Colombo (RPS),22-Sep-02,won
India,271/6,50,5.42,1,v Sri Lanka,Colombo (RPS),27-Jul-04,won
India,271/7,49.5,5.43,2,v Pakistan,Dambulla,19-Jun-10,won
India,271/8,50,5.42,1,v England,Kolkata,25-Oct-11,won
India,271/8,50,5.42,1,v Zimbabwe,Harare,12-Jul-15,won
India,270/4,50,5.4,1,v Kenya,Durban,20-Mar-03,won
India,270,49,5.51,2,v Australia,Melbourne,09-Jan-04,lost
India,270/8,50,5.4,2,v Sri Lanka,Dambulla,18-Jul-04,lost
India,270/5,48.1,5.6,2,v West Indies,Visakhapatnam,02-Dec-11,won
India,270/6,49.4,5.43,2,v Australia,Adelaide,12-Feb-12,won
India,270/4,45.3,5.93,2,v South Africa,Durban,01-Feb-18,won
India,269/7,46,5.84,1,v Sri Lanka,Amritsar,12-Sep-82,won
India,269,49.5,5.39,2,v Australia,Chennai,09-Oct-87,lost
India,269/8,50,5.38,2,v England,Delhi,31-Jan-02,lost
India,269/5,50,5.38,1,v Pakistan,Abu Dhabi,19-Apr-06,won
India,269/6,50,5.38,1,v New Zealand,Visakhapatnam,29-Oct-16,won
India,269/2,40.1,6.69,2,v England,Nottingham,12-Jul-18,won
India,268,48,5.58,1,v West Indies,Chennai,27-Jan-07,lost
India,268/9,50,5.36,1,v Sri Lanka,Harare,05-Jun-10,lost
India,268/6,50,5.36,1,v Sri Lanka,Dambulla,24-Jun-10,won
India,268,49.1,5.45,1,v West Indies,Chennai,20-Mar-11,won
India,268,48.4,5.5,2,v New Zealand,Napier,19-Jan-14,lost
India,268/7,50,5.36,1,v West Indies,Manchester,27-Jun-19,won
India,267/6,50,5.34,1,v New Zealand,Sharjah,27-Mar-88,won
India,267/6,46.4,5.72,2,v England,Gwalior,05-Mar-93,won
India,267/6,50,5.34,1,v South Africa,Mumbai,14-Dec-96,won
India,267/6,50,5.34,1,v Pakistan,Adelaide,25-Jan-00,won
India,267/3,45.4,5.84,2,v New Zealand,Colombo (SSC),02-Aug-01,won
India,267/4,50,5.34,1,v Sri Lanka,Brisbane,05-Feb-08,n/r
India,267/6,50,5.34,1,v West Indies,Chennai,11-Dec-11,won
India,267/8,50,5.34,1,v Australia,Melbourne,18-Jan-15,lost
India,266/8,60,4.43,1,v Zimbabwe,Tunbridge Wells,18-Jun-83,won
India,266/6,46.3,5.72,2,v Pakistan,Karachi,30-Sep-97,won
India,266/3,43.1,6.16,2,v Pakistan,Rawalpindi,11-Feb-06,won
India,266/5,46.1,5.76,2,v West Indies,Kanpur,27-Nov-13,won
India,265,53.5,4.92,1,v England,Leeds,13-Jul-74,lost
India,265/3,44,6.02,1,v Pakistan,Jamshedpur,26-Mar-87,lost
India,265/9,50,5.3,1,v Australia,Nairobi (Gym),07-Oct-00,won
India,265/8,50,5.3,1,v Zimbabwe,Sharjah,22-Oct-00,won
India,265/6,50,5.3,1,v Australia,Margao,06-Apr-01,lost
India,265/1,40.1,6.59,2,v Bangladesh,Birmingham,15-Jun-17,won
India,265/3,43.3,6.09,2,v Sri Lanka,Leeds,06-Jul-19,won
India,265/8,50,5.3,2,v South Africa,Paarl,19-Jan-22,lost
India,265,50,5.3,1,v West Indies,Ahmedabad,11-Feb-22,won
India,264/6,50,5.28,1,v Pakistan,Toronto,17-Sep-96,lost
India,264/6,50,5.28,1,v New Zealand,Nairobi (Gym),15-Oct-00,lost
India,264/9,50,5.28,1,v Sri Lanka,Fatullah,28-Feb-14,lost
India,263/5,48,5.47,2,v New Zealand,Brisbane,11-Jan-86,won
India,263/9,50,5.26,2,v Sri Lanka,Colombo (RPS),09-Aug-05,lost
India,263/3,41,6.41,2,v Sri Lanka,Visakhapatnam,17-Feb-07,won
India,263/7,50,5.26,1,v West Indies,Delhi,11-Oct-14,won
India,263/3,36.4,7.17,2,v Sri Lanka,Colombo (RPS),18-Jul-21,won
India,262/8,60,4.36,1,v West Indies,Manchester,09-Jun-83,won
India,262/4,50,5.24,1,v West Indies,Adelaide,14-Dec-91,won
India,262/4,50,5.24,1,v West Indies,Colombo (RPS),07-Aug-05,won
India,262/6,45.4,5.73,2,v Sri Lanka,Pune,03-Nov-05,won
India,261/5,50,5.22,1,v New Zealand,Gwalior,11-Nov-99,won
India,261/9,50,5.22,1,v South Africa,Colombo (RPS),25-Sep-02,won
India,261/5,47.4,5.47,2,v Australia,Ahmedabad,24-Mar-11,won
India,260/6,48,5.41,1,v Australia,Rajkot,07-Oct-86,lost
India,260/4,44,5.9,1,v West Indies,Visakhapatnam,07-Nov-94,won
India,260,50,5.2,1,v West Indies,Port of Spain,02-Jun-02,won
India,260/6,50,5.2,1,v U.A.E.,Dambulla,16-Jul-04,won
India,260/4,46.3,5.59,2,v Pakistan,Gwalior,15-Nov-07,won
India,260/9,50,5.2,1,v Pakistan,Mohali,30-Mar-11,won
India,260/2,36.5,7.05,2,v Ireland,Hamilton,10-Mar-15,won
India,259/4,48.1,5.37,2,v England,Kanpur,25-Oct-89,won
India,259/5,50,5.18,1,v West Indies,Jaipur,11-Nov-94,won
India,259/2,43,6.02,2,v New Zealand,Jaipur,01-Dec-10,won
India,258/9,50,5.16,1,v Australia,Brisbane,04-Mar-08,won
India,258,49.4,5.19,1,v Sri Lanka,Colombo (RPS),27-Aug-08,won
India,258/5,47.3,5.43,2,v England,Mohali,23-Jan-13,won
India,257/7,48,5.35,2,v England,Gwalior,04-Mar-93,won
India,257/5,50,5.14,1,v New Zealand,Taupo,09-Jan-99,lost
India,256/2,49.2,5.18,2,v West Indies,Cuttack,09-Nov-94,won
India,256/9,50,5.12,1,v Pakistan,Toronto,20-Sep-98,lost
India,256/9,50,5.12,1,v Sri Lanka,Colombo (RPS),31-Jan-09,won
India,256/8,50,5.12,1,v England,Leeds,17-Jul-18,lost
India,256/4,32.3,7.87,2,v West Indies,Port of Spain,14-Aug-19,won
India,255/5,50,5.1,1,v New Zealand,Wellington,30-Mar-94,won
India,255/8,50,5.1,2,v Sri Lanka,Colombo (SSC),24-Aug-97,lost
India,255/7,47.2,5.38,2,v Zimbabwe,Cuttack,02-Dec-00,won
India,255/7,50,5.1,1,v Zimbabwe,Harare,19-Feb-03,won
India,255/6,50,5.1,1,v Zimbabwe,Brisbane,20-Jan-04,won
India,255/6,48.1,5.29,2,v Zimbabwe,Harare,04-Sep-05,won
India,255/4,42.2,6.02,2,v Sri Lanka,Colombo (RPS),31-Jul-12,won
India,255/6,50,5.1,1,v Zimbabwe,Harare,10-Jul-15,won
India,255,49.1,5.18,1,v Australia,Mumbai,14-Jan-20,lost
India,254/6,55,4.61,1,v England,Manchester,26-May-86,lost
India,254,44,5.77,2,v Sri Lanka,Dhaka,29-Oct-88,lost
India,254/6,50,5.08,1,v West Indies,Singapore,08-Sep-99,lost
India,254/5,44.5,5.66,2,v West Indies,Kingston,18-May-06,won
India,254/9,50,5.08,2,v Australia,Sydney,12-Jan-19,lost
India,253/6,50,5.06,2,v Pakistan,Sharjah,23-Oct-91,lost
India,253/5,50,5.06,1,v South Africa,Hove,15-May-99,lost
India,253,48.4,5.19,2,v England,Leeds,05-Sep-14,lost
India,252/5,49,5.14,1,v England,Cuttack,27-Dec-84,lost
India,252/7,50,5.04,1,v New Zealand,Bengaluru,14-Oct-87,won
India,252/5,47.5,5.26,2,v Australia,Dunedin,22-Feb-95,won
India,252/2,40.1,6.27,2,v Bangladesh,Dhaka,30-May-00,won
India,252/9,50,5.04,2,v Sri Lanka,Rajkot,11-Feb-07,lost
India,252,48.5,5.16,2,v Sri Lanka,Colombo (RPS),08-Feb-09,lost
India,252/6,50,5.04,2,v South Africa,Rajkot,18-Oct-15,lost
India,252,50,5.04,1,v Australia,Kolkata,21-Sep-17,won
India,252,49.5,5.05,2,v Afghanistan,Dubai (DSC),25-Sep-18,tied
India,252,49.5,5.05,1,v New Zealand,Wellington,03-Feb-19,won
India,251/3,41,6.12,2,v Australia,Jaipur,07-Sep-86,won
India,251/6,50,5.02,1,v New Zealand,Nottingham,12-Jun-99,lost
India,251,47.4,5.26,2,v Pakistan,Dhaka,03-Jun-00,lost
India,251/5,46,5.45,2,v Bangladesh,Mirpur,10-May-07,won
India,251,47.3,5.28,1,v West Indies,Kingston,16-Jun-11,lost
India,251/4,50,5.02,1,v West Indies,North Sound,30-Jun-17,won
India,251,48.3,5.17,2,v New Zealand,Auckland,08-Feb-20,lost
India,250/7,50,5,1,v New Zealand,Sharjah,01-Apr-88,won
India,250/5,50,5,1,v Pakistan,Toronto,21-Sep-97,lost
India,250/5,46,5.43,2,v Australia,Sharjah,22-Apr-98,lost
India,250,49.5,5.01,2,v England,Mumbai,03-Feb-02,lost
India,250/9,50,5,1,v England,Durban,26-Feb-03,won
India,250,48.2,5.17,1,v Australia,Nagpur,05-Mar-19,won
India,249/7,47.1,5.27,2,v Australia,Bengaluru,27-Oct-89,won
India,249/7,48,5.18,1,v Zimbabwe,Faridabad,19-Mar-93,won
India,249,39.3,6.3,2,v New Zealand,Nagpur,26-Nov-95,lost
India,249/9,50,4.98,2,v South Africa,Sharjah,19-Apr-96,lost
India,249,45,5.53,2,v Zimbabwe,Leicester,19-May-99,lost
India,249/6,50,4.98,1,v Pakistan,Kanpur,15-Apr-05,lost
India,249/9,50,4.98,1,v South Africa,Hyderabad (Deccan),16-Nov-05,lost
India,249/8,50,4.98,1,v Australia,Mohali,29-Oct-06,lost
India,249/4,43,5.79,2,v Bangladesh,Mirpur,11-Jan-10,won
India,248/5,50,4.96,1,v Zimbabwe,Indore,18-Nov-93,tied
India,248/7,49.1,5.04,2,v Sri Lanka,Sharjah,06-Nov-98,won
India,248/8,50,4.96,1,v South Africa,Faridabad,15-Mar-00,lost
India,248/9,50,4.96,1,v Australia,Pune,28-Mar-01,lost
India,248,44.5,5.53,2,v Pakistan,Centurion,26-Sep-09,lost
India,247,55.5,4.42,1,v Australia,Chelmsford,20-Jun-83,won
India,247/5,50,4.94,1,v Zimbabwe,Kanpur,06-Mar-96,won
India,247/4,48.1,5.12,2,v Sri Lanka,Dambulla,28-Jan-09,won
India,247/9,50,4.94,1,v South Africa,Indore,14-Oct-15,won
India,246/5,50,4.92,1,v Sri Lanka,Rajkot,15-Feb-94,won
India,246/8,50,4.92,1,v Australia,Colombo (RPS),09-Sep-94,won
India,246/2,43.4,5.63,2,v Sri Lanka,Colombo (RPS),19-Jun-98,won
India,246/9,50,4.92,1,v New Zealand,Cuttack,06-Nov-03,lost
India,245/7,50,4.9,1,v Pakistan,Sharjah,18-Apr-86,lost
India,245/9,44,5.56,2,v Pakistan,Nagpur,24-Mar-87,lost
India,245/5,45,5.44,1,v Sri Lanka,Nagpur,01-Dec-90,won
India,245/3,45.4,5.36,2,v Australia,Sharjah,19-Apr-94,won
India,245/7,37,6.62,1,v Pakistan,Dhaka,11-Jan-98,won
India,245/6,30,8.16,1,v Zimbabwe,Singapore,04-Sep-99,won
India,245,45,5.44,2,v Australia,Visakhapatnam,03-Apr-01,lost
India,245/8,50,4.9,1,v Bangladesh,Chattogram,23-Dec-04,won
India,245/5,39.3,6.2,2,v Sri Lanka,Vadodara,12-Nov-05,won
India,245/9,50,4.9,1,v West Indies,Basseterre,23-May-06,lost
India,245,48.2,5.06,1,v Sri Lanka,Mirpur,13-Jan-10,lost
India,245/8,50,4.9,1,v Pakistan,Mirpur,02-Mar-14,lost
India,245/4,44.1,5.54,2,v Sri Lanka,Hyderabad (Deccan),09-Nov-14,won
India,245/3,43,5.69,2,v New Zealand,Mount Maunganui,28-Jan-19,won
India,244/5,48.1,5.06,2,v Zimbabwe,Hyderabad (Deccan),16-Mar-02,won
India,244/9,50,4.88,1,v Pakistan,Peshawar,19-Mar-04,lost
India,244,46.5,5.2,2,v West Indies,Ahmedabad,05-Dec-11,lost
India,243,49.3,4.9,2,v England,Sharjah,11-Dec-97,lost
India,243,47.4,5.09,2,v Australia,Hyderabad (Deccan),05-Oct-07,lost
India,243/3,42.3,5.71,2,v Sri Lanka,Cuttack,21-Dec-09,won
India,243/3,43.3,5.58,2,v Sri Lanka,Bulawayo,30-May-10,won
India,243/3,42.5,5.67,2,v Australia,Nagpur,01-Oct-17,won
India,242/8,44.3,5.43,2,v Sri Lanka,Colombo (SSC),25-Aug-85,won
India,242/7,43.3,5.56,2,v Australia,Delhi,02-Oct-86,won
India,242,48,5.04,2,v Australia,Mumbai,27-Feb-96,lost
India,242/6,50,4.84,1,v West Indies,Dhaka,31-Oct-98,lost
India,242/8,50,4.84,1,v South Africa,Belfast,26-Jun-07,lost
India,242/5,47,5.14,2,v Pakistan,Guwahati,05-Nov-07,won
India,242/4,45.5,5.28,2,v Australia,Sydney,02-Mar-08,won
India,241/7,47.4,5.05,2,v England,Nagpur,23-Jan-85,won
India,241/8,50,4.82,1,v Sri Lanka,Sharjah,25-Apr-90,lost
India,241/4,39.2,6.12,2,v Zimbabwe,Benoni,09-Feb-97,won
India,241/6,50,4.82,2,v Australia,Melbourne,12-Jan-00,lost
India,241/8,50,4.82,2,v Pakistan,Colombo (RPS),25-Jul-04,lost
India,241,48.4,4.95,2,v New Zealand,Ranchi,26-Oct-16,lost
India,240/7,47,5.1,1,v West Indies,Indore,01-Dec-83,lost
India,240/6,50,4.8,1,v West Indies,Sharjah,19-Oct-91,won
India,240,47.4,5.03,2,v West Indies,Pune,27-Oct-18,lost
India,240/4,48.2,4.96,2,v Australia,Hyderabad (Deccan),02-Mar-19,won
India,239/8,45,5.31,1,v West Indies,Thiruvananthapuram,25-Jan-88,lost
India,239,49.4,4.81,1,v Zimbabwe,Harare,25-Oct-92,won
India,239/7,50,4.78,1,v Sri Lanka,Colombo (RPS),26-Jul-97,lost
India,239/7,50,4.78,1,v Pakistan,Sharjah,14-Dec-97,lost
India,239/6,50,4.78,1,v England,Sharjah,11-Apr-99,won
India,239,48.1,4.96,2,v England,Birmingham,27-Aug-07,lost
India,239/8,49.1,4.86,2,v Sri Lanka,Adelaide,19-Feb-08,won
India,239/4,46.3,5.13,2,v Sri Lanka,Colombo (RPS),03-Sep-17,won
India,238/8,50,4.76,1,v New Zealand,Melbourne,23-Jan-86,lost
India,238/4,48.5,4.87,2,v Australia,Melbourne,31-Jan-86,won
India,238/6,40,5.95,1,v Pakistan,Kolkata,18-Feb-87,lost
India,238/5,50,4.76,1,v West Indies,Sharjah,16-Oct-88,won
India,238/4,50,4.76,1,v Pakistan,Sharjah,18-Oct-91,won
India,238/2,45.3,5.23,2,v Zimbabwe,Pune,25-Mar-93,won
India,238,49.3,4.8,1,v Sri Lanka,Colombo (RPS),20-Aug-97,lost
India,238/6,47.2,5.02,2,v England,Kochi,06-Apr-06,won
India,238/2,36.4,6.49,2,v England,Delhi,17-Oct-11,won
India,238,45.1,5.26,2,v Sri Lanka,Brisbane,21-Feb-12,lost
India,238/1,39.3,6.02,2,v Pakistan,Dubai (DSC),23-Sep-18,won
India,237/8,50,4.74,1,v West Indies,St John's,18-Mar-89,lost
India,237/6,49.2,4.8,2,v Zimbabwe,Bulawayo,27-Jun-01,won
India,237,46.3,5.09,2,v England,The Oval,03-Sep-04,lost
India,237/9,50,4.74,1,v Sri Lanka,Colombo (RPS),24-Aug-08,won
India,237,50,4.74,2,v Australia,Delhi,13-Mar-19,lost
India,237/9,50,4.74,1,v West Indies,Ahmedabad,09-Feb-22,won
India,236,49.1,4.8,1,v New Zealand,Jamshedpur,15-Nov-95,lost
India,236/5,45.5,5.14,2,v New Zealand,Pune,24-Nov-95,won
India,236/4,50,4.72,1,v England,Manchester,26-May-96,lost
India,236,49.5,4.73,2,v Zimbabwe,Paarl,27-Jan-97,tied
India,236/2,41.5,5.64,2,v Zimbabwe,Bulawayo,27-Sep-98,won
India,236,44.4,5.28,2,v South Africa,East London,19-Oct-01,lost
India,236,48,4.91,2,v West Indies,Port of Spain,28-May-06,lost
India,236/9,50,4.72,2,v Sri Lanka,Adelaide,14-Feb-12,tied
India,236/2,39.1,6.02,2,v West Indies,The Oval,11-Jun-13,won
India,236,49.3,4.76,2,v New Zealand,Delhi,20-Oct-16,lost
India,236,50,4.72,2,v England,Lord's,14-Jul-18,lost
India,235/5,44,5.34,1,v Australia,Indore,06-Oct-84,lost
India,235/9,50,4.7,1,v England,Sydney,26-Feb-85,won
India,235/8,43,5.46,1,v Sri Lanka,Vadodara,15-Jan-87,won
India,234/4,39.2,5.94,2,v Sri Lanka,Bengaluru,26-Sep-82,won
India,234,47,4.97,2,v Australia,Brisbane,01-Mar-92,lost
India,234,39.2,5.94,2,v South Africa,Durban,13-Feb-97,lost
India,234,48.4,4.8,2,v England,Cuttack,22-Jan-02,lost
India,234,39.2,5.94,2,v Australia,Johannesburg,23-Mar-03,lost
India,234,40.2,5.8,2,v South Africa,Centurion,23-Jan-11,lost
India,234/7,50,4.68,1,v England,The Oval,09-Sep-11,lost
India,234/6,46.4,5.01,2,v Sri Lanka,Perth,08-Feb-12,won
India,234/3,49.2,4.74,2,v Australia,Melbourne,18-Jan-19,won
India,233/4,53,4.39,2,v England,Leeds,18-Jul-90,won
India,233/2,41.5,5.56,2,v Sri Lanka,Sharjah,14-Apr-95,won
India,233,47.2,4.92,2,v Pakistan,Sharjah,12-Apr-96,lost
India,233,48.5,4.77,1,v South Africa,Centurion,10-Oct-01,won
India,233/5,46.3,5.01,2,v Sri Lanka,Margao,14-Feb-07,won
India,233,46.5,4.97,2,v Australia,Sydney,26-Mar-15,lost
India,232/5,50,4.64,1,v South Africa,East London,04-Feb-97,lost
India,232/8,50,4.64,1,v England,Birmingham,29-May-99,won
India,232,49.4,4.67,2,v Australia,Pune,13-Oct-13,lost
India,232/4,46,5.04,2,v New Zealand,Pune,25-Oct-17,won
India,231/5,42,5.5,2,v England,Cuttack,27-Jan-82,won
India,231,47.4,4.84,2,v South Africa,Bloemfontein,23-Jan-97,lost
India,231,48.2,4.77,2,v West Indies,Kingstown,30-Apr-97,lost
India,231/7,44.2,5.21,2,v Sri Lanka,Pallekele,24-Aug-17,won
India,230,60,3.83,1,v New Zealand,Manchester,14-Jun-75,lost
India,230/7,50,4.6,1,v New Zealand,Adelaide,23-Dec-80,won
India,230/6,50,4.6,1,v West Indies,Faridabad,19-Jan-88,lost
India,230/4,45.3,5.05,2,v Sri Lanka,Pune,05-Dec-90,won
India,230/6,50,4.6,1,v New Zealand,Dunedin,12-Mar-92,lost
India,230,45.3,5.05,2,v New Zealand,Christchurch,19-Jan-99,lost
India,230,46.5,4.91,2,v Pakistan,Hobart,21-Jan-00,lost
India,230/4,48.1,4.77,2,v West Indies,Harare,04-Jul-01,won
India,230/6,49,4.69,2,v England,Faridabad,31-Mar-06,won
India,230/4,48.2,4.75,2,v Australia,Delhi,31-Oct-09,won
India,230/4,44.5,5.13,2,v Zimbabwe,Harare,24-Jul-13,won
India,230/4,47.3,4.84,2,v South Africa,Southampton,05-Jun-19,won
India,229/5,45,5.08,2,v West Indies,Jamshedpur,07-Dec-83,lost
India,229/3,43.5,5.22,2,v Zimbabwe,Colombo (SSC),01-Sep-96,won
India,229/1,39.3,5.79,2,v New Zealand,Vadodara,04-Dec-10,won
India,229/7,50,4.58,1,v West Indies,Kingston,30-Jun-13,lost
India,228/6,50,4.56,1,v Sri Lanka,Margao,28-Dec-97,lost
India,228/7,46.2,4.92,2,v West Indies,North Sound,11-Jun-11,won
India,228/4,43,5.3,2,v England,Nottingham,30-Aug-14,won
India,228,46,4.95,2,v Bangladesh,Mirpur,18-Jun-15,lost
India,227/8,50,4.54,1,v Sri Lanka,Ahmedabad,22-Oct-89,won
India,227,49.2,4.6,2,v England,Perth,22-Feb-92,lost
India,227/9,50,4.54,1,v Sri Lanka,Moratuwa,14-Aug-93,lost
India,227/3,48.2,4.69,2,v Sri Lanka,Hyderabad (Deccan),18-Feb-94,won
India,227/6,50,4.54,1,v Sri Lanka,Colombo (RPS),18-Jul-97,lost
India,227,49.3,4.58,1,v Australia,Delhi,14-Apr-98,lost
India,227/6,50,4.54,1,v Pakistan,Manchester,08-Jun-99,won
India,227/8,50,4.54,1,v Sri Lanka,Colombo (SSC),01-Aug-01,won
India,227/4,49.1,4.61,2,v South Africa,Belfast,29-Jun-07,won
India,227/6,50,4.54,1,v Pakistan,Chennai,30-Dec-12,lost
India,226/7,40,5.65,2,v Pakistan,Multan,17-Dec-82,lost
India,226,45.3,4.96,2,v Australia,Adelaide,26-Jan-86,lost
India,226/8,47.1,4.79,1,v Pakistan,Singapore,05-Apr-96,lost
India,226/5,50,4.52,1,v Sri Lanka,Colombo (RPS),28-Aug-96,lost
India,226/6,50,4.52,1,v Australia,Perth,30-Jan-00,lost
India,226,48.5,4.62,2,v Sri Lanka,Sharjah,27-Oct-00,lost
India,226/4,47.5,4.72,2,v Kenya,Cape Town,07-Mar-03,won
India,226/6,50,4.52,1,v Zimbabwe,Harare,29-Aug-05,won
India,226,46.4,4.84,2,v Australia,Mohali,02-Nov-09,lost
India,226,49.4,4.55,1,v England,Dharamsala,27-Jan-13,lost
India,225/7,50,4.5,1,v West Indies,Kolkata,27-Nov-93,won
India,225/6,48.2,4.65,2,v West Indies,Chennai,23-Oct-94,won
India,225/7,50,4.5,1,v Sri Lanka,Mumbai,17-May-97,lost
India,225/7,50,4.5,1,v West Indies,Toronto,14-Sep-99,won
India,225,46.5,4.8,2,v Sri Lanka,Dambulla,28-Aug-10,lost
India,225,43.1,5.21,1,v Sri Lanka,Colombo (RPS),23-Jul-21,lost
India,224/1,32.1,6.96,2,v New Zealand,Nagpur,31-Oct-87,won
India,224/6,47,4.76,2,v Kenya,Bengaluru,20-May-98,won
India,224/8,50,4.48,1,v Sri Lanka,Sharjah,20-Oct-00,lost
India,224/5,47.3,4.71,2,v South Africa,Mumbai,28-Nov-05,won
India,224,36,6.22,2,v South Africa,Mumbai,25-Oct-15,lost
India,224/8,50,4.48,1,v Afghanistan,Southampton,22-Jun-19,won
India,223/6,45,4.95,1,v South Africa,Gwalior,12-Nov-91,won
India,223/3,48,4.64,1,v England,Jaipur,18-Jan-93,lost
India,223/4,44.3,5.01,2,v Australia,Kanpur,07-Apr-98,won
India,223,48,4.64,1,v England,Jamshedpur,12-Apr-06,lost
India,223/9,50,4.46,1,v West Indies,Ahmedabad,26-Oct-06,lost
India,223/3,35.1,6.34,2,v Bangladesh,Mirpur,12-Jun-08,won
India,223,46.3,4.79,1,v New Zealand,Dambulla,25-Aug-10,won
India,223/8,48.2,4.61,2,v South Africa,Cape Town,18-Jan-11,won
India,223/4,40.1,5.55,2,v England,Mumbai,23-Oct-11,won
India,223/7,50,4.46,2,v Bangladesh,Dubai (DSC),28-Sep-18,won
India,222/8,47,4.72,1,v Australia,Srinagar,09-Sep-86,lost
India,222/7,45,4.93,1,v West Indies,Kolkata,02-Jan-88,won
India,222/6,45,4.93,1,v New Zealand,Indore,15-Dec-88,won
India,222/6,50,4.44,1,v New Zealand,Christchurch,02-Apr-94,lost
India,222/7,50,4.44,2,v South Africa,Jaipur,23-Oct-96,lost
India,222,47.2,4.69,2,v Zimbabwe,Harare,30-Sep-98,lost
India,222/5,50,4.44,1,v England,Sharjah,09-Apr-99,won
India,222,49,4.53,1,v Australia,Melbourne,06-Feb-04,lost
India,222,47.3,4.67,2,v Australia,Kochi,02-Oct-07,lost
India,221/7,43,5.13,1,v West Indies,Rajkot,05-Jan-88,lost
India,221,48.2,4.57,1,v New Zealand,Wellington,06-Mar-90,won
India,221,49.2,4.47,1,v South Africa,Mohali,22-Nov-93,won
India,221/2,42.3,5.2,2,v New Zealand,Bengaluru,14-May-97,won
India,221/6,46.4,4.73,2,v England,Chennai,25-Jan-02,won
India,221,49.3,4.46,2,v New Zealand,Manchester,09-Jul-19,lost
India,220,48.1,4.56,2,v New Zealand,Brisbane,18-Jan-81,lost
India,220/7,50,4.4,1,v South Africa,Mumbai,06-Nov-96,won
India,220/9,50,4.4,1,v New Zealand,Sharjah,17-Apr-98,won
India,220/7,50,4.4,1,v Kenya,Nairobi (Gym),29-Sep-99,won
India,220/8,50,4.4,1,v Sri Lanka,Dambulla,03-Aug-05,lost
India,220/1,28.5,7.63,2,v Sri Lanka,Dambulla,20-Aug-17,won
India,219,45.3,4.81,2,v England,Mumbai,05-Nov-87,lost
India,219/8,50,4.38,1,v Sri Lanka,Sharjah,25-Mar-88,won
India,219,46.3,4.7,1,v Pakistan,Sharjah,15-Apr-94,lost
India,219/7,48.3,4.51,2,v Zimbabwe,Sharjah,26-Oct-00,won
India,219/2,29.4,7.38,2,v England,Kanpur,28-Jan-02,won
India,219,43.4,5.01,2,v New Zealand,Napier,29-Dec-02,lost
India,219/2,32.1,6.8,2,v Sri Lanka,Visakhapatnam,17-Dec-17,won
India,218/4,45.1,4.82,2,v Sri Lanka,Pallekele,27-Aug-17,won
India,217/4,54.4,3.96,2,v England,Manchester,22-Jun-83,won
India,217/7,50,4.34,1,v West Indies,Port of Spain,26-May-06,lost
India,217/6,44.5,4.84,2,v West Indies,Port of Spain,06-Jun-11,won
India,217,41,5.29,2,v South Africa,Johannesburg,05-Dec-13,lost
India,216,53.1,4.06,2,v West Indies,The Oval,15-Jun-83,lost
India,216/7,49,4.4,1,v Pakistan,Sydney,04-Mar-92,won
India,216/8,48.5,4.42,2,v Australia,Bengaluru,21-Oct-96,won
India,216,48.4,4.43,1,v Zimbabwe,Centurion,07-Feb-97,lost
India,216,49.2,4.37,1,v Pakistan,Lahore,02-Oct-97,lost
India,216/2,42.2,5.1,2,v Zimbabwe,Bulawayo,26-Sep-98,won
India,216,49.4,4.34,2,v New Zealand,Wellington,31-Jan-14,lost
India,215/8,50,4.3,2,v Australia,Sydney,15-Jan-81,lost
India,215/3,41.3,5.18,2,v Sri Lanka,Sharjah,27-Nov-86,won
India,215/6,49.1,4.37,2,v South Africa,Centurion,11-Dec-92,won
India,215/8,50,4.3,1,v South Africa,Sharjah,17-Apr-96,lost
India,215/7,50,4.3,2,v Sri Lanka,Colombo (RPS),22-Jul-01,lost
India,215,49.1,4.37,1,v South Africa,Dhaka,18-Apr-03,lost
India,214/6,49,4.36,1,v West Indies,Vadodara,09-Nov-83,lost
India,214/6,45,4.75,1,v England,Pune,05-Dec-84,lost
India,214/7,48.5,4.38,2,v England,Sharjah,02-Apr-87,won
India,214/9,47,4.55,2,v Pakistan,Sharjah,20-Oct-89,lost
India,214,46.3,4.6,2,v South Africa,Hyderabad (Deccan),17-Oct-96,lost
India,214/8,49.5,4.29,2,v New Zealand,Napier,12-Jan-99,won
India,214,47.5,4.47,2,v Bangladesh,Dhaka,26-Dec-04,lost
India,214/2,32.4,6.55,2,v Sri Lanka,Mirpur,10-Jan-10,won
India,213/9,50,4.26,1,v Sri Lanka,Jalandhar,20-Feb-94,lost
India,213/2,37.1,5.73,2,v Pakistan,Dhaka,14-Jan-98,won
India,213,41.4,5.11,2,v Pakistan,Jamshedpur,09-Apr-05,lost
India,213/9,48.5,4.36,2,v West Indies,Cuttack,29-Nov-11,won
India,212/6,44,4.81,1,v Pakistan,Hyderabad (Deccan),20-Mar-87,won
India,212/8,50,4.24,2,v Pakistan,Sharjah,19-Oct-88,lost
India,212/8,50,4.24,1,v Sri Lanka,Colombo (RPS),25-Jul-93,won
India,212/9,50,4.24,2,v New Zealand,Napier,25-Mar-94,lost
India,212/3,39.5,5.32,2,v Scotland,Glasgow,16-Aug-07,won
India,212,49.4,4.26,1,v England,Manchester,30-Aug-07,lost
India,212/4,35.2,6,2,v West Indies,Kochi,21-Nov-13,won
India,212/1,30.3,6.95,2,v England,Birmingham,02-Sep-14,won
India,211/9,50,4.22,1,v West Indies,Sharjah,16-Oct-89,won
India,211/8,50,4.22,1,v Australia,Hamilton,08-Mar-90,lost
India,211,47.4,4.42,2,v Pakistan,Sharjah,22-Apr-94,lost
India,211/5,50,4.22,2,v West Indies,Kanpur,30-Oct-94,lost
India,211,48.3,4.35,2,v Australia,Colombo (SSC),28-Aug-99,lost
India,211/3,37.4,5.6,2,v Zimbabwe,Hobart,14-Jan-04,won
India,210/6,40,5.25,2,v Pakistan,Gujranwala,03-Dec-82,lost
India,210/3,40,5.25,1,v Pakistan,Sialkot,31-Oct-84,n/r
India,210/5,46,4.56,2,v Ireland,Bengaluru,06-Mar-11,won
India,209/4,41.3,5.03,2,v Sri Lanka,Delhi,13-Jan-87,won
India,209,46.3,4.49,2,v Pakistan,Sharjah,27-Apr-90,lost
India,209/9,50,4.18,2,v South Africa,Hamilton,18-Feb-95,lost
India,209,47.3,4.4,2,v South Africa,Nairobi (Gym),03-Oct-99,lost
India,209/2,42.3,4.91,2,v Kenya,Nairobi (Gym),03-Oct-00,won
India,209,46.2,4.51,2,v Australia,Mumbai,01-Nov-03,lost
India,209,42.3,4.91,1,v Sri Lanka,Dambulla,22-Jun-10,lost
India,208/9,49,4.24,1,v Australia,Melbourne,06-Dec-80,won
India,208/7,50,4.16,1,v Australia,Perth,08-Dec-91,won
India,208/8,50,4.16,2,v South Africa,Sharjah,14-Apr-96,lost
India,208,50,4.16,1,v Pakistan,Toronto,13-Sep-97,won
India,208/4,32,6.5,1,v New Zealand,Wellington,14-Jan-99,n/r
India,208/5,43.5,4.74,2,v New Zealand,Auckland,16-Jan-99,won
India,208/6,42.5,4.85,2,v Bangladesh,Dhaka,16-Apr-03,won
India,207/3,43.3,4.75,2,v New Zealand,Sydney,05-Mar-85,won
India,207/4,50,4.14,1,v South Africa,Bloemfontein,15-Dec-92,lost
India,206/6,46,4.47,1,v Australia,Ahmedabad,05-Oct-84,lost
India,206/7,49.1,4.18,2,v Sri Lanka,Sharjah,13-Apr-86,won
India,206/2,33.1,6.21,2,v Sri Lanka,Sharjah,09-Apr-95,won
India,206,44,4.68,2,v Australia,Sharjah,19-Apr-98,lost
India,206/4,48.1,4.27,2,v Pakistan,Sharjah,13-Apr-99,won
India,206/2,36.5,5.59,2,v West Indies,Kingston,06-Jul-17,won
India,206/2,32.1,6.4,2,v South Africa,Centurion,16-Feb-18,won
India,205/6,46,4.45,1,v England,Bengaluru,20-Jan-85,lost
India,205,41,5,2,v West Indies,Gwalior,22-Jan-88,lost
India,205/3,42.1,4.86,2,v Sri Lanka,Kolkata,04-Jan-91,won
India,205/3,44.4,4.58,2,v Sri Lanka,Kanpur,07-Nov-93,won
India,205,48.2,4.24,2,v Australia,The Oval,04-Jun-99,lost
India,205/8,50,4.1,1,v Sri Lanka,Colombo (RPS),25-Aug-99,lost
India,205,45,4.55,2,v Sri Lanka,Dhaka,01-Jun-00,lost
India,205/9,50,4.1,1,v Sri Lanka,Dambulla,30-Jul-05,lost
India,204,48.5,4.17,1,v New Zealand,Brisbane,21-Dec-80,lost
India,204/5,47.2,4.3,2,v South Africa,East London,19-Dec-92,won
India,204,48.5,4.17,1,v Netherlands,Paarl,12-Feb-03,won
India,204,49.3,4.12,1,v England,Lord's,05-Sep-04,won
India,203/7,32,6.34,1,v Zimbabwe,Hamilton,07-Mar-92,won
India,203/3,41.5,4.85,2,v Kenya,Cuttack,18-Feb-96,won
India,203/4,47.1,4.3,2,v South Africa,Jamshedpur,12-Mar-00,won
India,203/6,45.2,4.47,2,v Sri Lanka,The Oval,30-Jun-02,won
India,203,49,4.14,1,v Australia,Perth,01-Feb-04,lost
India,203/9,50,4.06,2,v Sri Lanka,Colombo (RPS),01-Aug-04,lost
India,203,46.4,4.35,1,v England,Delhi,28-Mar-06,won
India,203/9,49.4,4.08,2,v Sri Lanka,Port of Spain,11-Jul-13,won
India,202/9,48,4.2,1,v New Zealand,Launceston,02-Feb-86,won
India,202,42.3,4.75,2,v Pakistan,Kolkata,28-Oct-89,lost
India,202/7,50,4.04,2,v Australia,Sydney,20-Jan-92,lost
India,202/7,46.2,4.35,2,v West Indies,Jodhpur,21-Nov-02,won
India,201/5,45.1,4.45,2,v England,Chandigarh,21-Jan-93,won
India,201,41,4.9,1,v Australia,Colombo (SSC),06-Sep-96,lost
India,201/0,23.3,8.55,2,v New Zealand,Hamilton,11-Mar-09,won
India,200/1,27.1,7.36,2,v West Indies,Rajkot,12-Nov-02,won
India,200/9,48.5,4.09,2,v New Zealand,Auckland,11-Jan-03,won
India,200,49.5,4.01,1,v Pakistan,Birmingham,19-Sep-04,lost
India,200/9,50,4,1,v South Africa,Centurion,03-Dec-06,lost
India,200,48.1,4.15,1,v England,Perth,30-Jan-15,lost
India,200,45,4.44,1,v Bangladesh,Mirpur,21-Jun-15,lost
India,199,45.4,4.35,1,v Sri Lanka,Singapore,03-Apr-96,won
India,199/7,50,3.98,1,v West Indies,Bridgetown,03-May-97,lost
India,199/3,39.2,5.05,1,v West Indies,Port of Spain,23-Jun-17,n/r
India,198/8,48,4.12,2,v West Indies,Bridgetown,07-Mar-89,lost
India,198,41.5,4.73,2,v Australia,Kolkata,18-Nov-03,lost
India,198/5,40,4.95,2,v England,Kanpur,20-Nov-08,won
India,197/6,40,4.92,1,v Pakistan,Karachi,21-Jan-83,lost
India,197/6,46.2,4.25,2,v New Zealand,Visakhapatnam,10-Dec-88,won
India,197,49.4,3.96,1,v West Indies,Wellington,10-Mar-92,lost
India,197/1,35,5.62,2,v Kenya,Kolkata,31-May-98,won
India,197/3,40.4,4.84,2,v Zimbabwe,Sharjah,08-Nov-98,won
India,197/0,30,6.56,2,v Zimbabwe,Sharjah,13-Nov-98,won
India,197/3,34.5,5.65,2,v Sri Lanka,Rajkot,09-Nov-05,won
India,197,50,3.94,1,v Pakistan,Abu Dhabi,18-Apr-06,lost
India,197,49.4,3.96,2,v West Indies,Kingston,20-May-06,lost
India,197,41,4.8,2,v West Indies,Kochi,08-Oct-14,lost
India,196/7,45,4.35,1,v Pakistan,Indore,27-Jan-87,lost
India,196,49.2,3.97,2,v Sri Lanka,Colombo (RPS),12-Aug-93,lost
India,196,47.1,4.15,2,v Kenya,Gwalior,28-May-98,lost
India,196,49.5,3.93,1,v Pakistan,Mohali,01-Apr-99,lost
India,195,50,3.9,1,v South Africa,Kolkata,24-Nov-93,won
India,195,46.3,4.19,2,v Pakistan,Toronto,13-Sep-98,lost
India,195,48.5,3.99,1,v Pakistan,Brisbane,10-Jan-00,lost
India,195,43.5,4.44,2,v Australia,Kuala Lumpur,22-Sep-06,lost
India,195/8,46,4.23,2,v Australia,Mumbai,17-Oct-07,won
India,195/5,29,6.72,1,v Sri Lanka,Canberra,12-Feb-08,lost
India,194/6,40,4.85,1,v Sri Lanka,Colombo (PSS),22-Sep-85,n/r
India,194/3,42,4.61,2,v Zimbabwe,Ahmedabad,26-Oct-87,won
India,194/9,50,3.88,2,v West Indies,Ahmedabad,07-Jan-88,lost
India,194,45,4.31,1,v Australia,Brisbane,03-Feb-08,n/r
India,194/9,50,3.88,1,v Zimbabwe,Harare,03-Jun-10,lost
India,194/4,33.1,5.84,2,v New Zealand,Dharamsala,16-Oct-16,won
India,193,55,3.5,1,v England,Leeds,02-Jun-82,lost
India,193/4,27,7.14,2,v Pakistan,Lahore,31-Dec-82,won
India,193,47.4,4.04,1,v Australia,Ahmedabad,05-Oct-86,won
India,193,44.4,4.32,2,v West Indies,Nagpur,08-Dec-87,lost
India,193/4,43.4,4.41,2,v Pakistan,Toronto,12-Sep-98,won
India,193/2,38,5.07,2,v South Africa,The Oval,11-Jun-17,won
India,192/5,50,3.84,1,v Australia,Melbourne,11-Jan-81,lost
India,192/4,50,3.84,2,v Australia,Sydney,21-Jan-86,lost
India,192,49.5,3.85,1,v West Indies,Port of Spain,11-Mar-89,lost
India,192,47.4,4.02,2,v Zimbabwe,Sharjah,11-Nov-98,lost
India,191,54.1,3.52,2,v Sri Lanka,Manchester,16-Jun-79,lost
India,191,48.3,3.93,1,v West Indies,Brisbane,11-Jan-92,lost
India,191,50,3.82,1,v Pakistan,Toronto,18-Sep-96,won
India,191/9,50,3.82,1,v South Africa,Durban,12-Feb-97,n/r
India,191/6,46.2,4.12,2,v Bangladesh,Dhaka,10-Jan-98,won
India,191,48.3,3.93,1,v Zimbabwe,Kochi,13-Mar-02,lost
India,191,49.3,3.85,1,v Bangladesh,Port of Spain,17-Mar-07,lost
India,191/5,36.3,5.23,2,v Netherlands,Delhi,09-Mar-11,won
India,190,53.1,3.57,1,v West Indies,Birmingham,09-Jun-79,lost
India,190,46,4.13,2,v Pakistan,Sharjah,25-Oct-91,lost
India,190,47.2,4.01,1,v South Africa,Johannesburg,15-Jan-11,won
India,189,49.5,3.79,1,v Pakistan,Dhaka,16-Jan-98,lost
India,189,48.2,3.91,1,v West Indies,Cuttack,24-Jan-07,won
India,188/4,46,4.08,1,v Pakistan,Sharjah,13-Apr-84,won
India,188/8,44,4.27,2,v West Indies,Georgetown,21-Mar-89,lost
India,188,42.2,4.44,2,v West Indies,Sharjah,16-Dec-97,lost
India,188,45.3,4.13,2,v New Zealand,Guwahati,14-Nov-99,lost
India,188/6,48.1,3.9,2,v Sri Lanka,Birmingham,06-Jul-02,won
India,188,45.5,4.1,1,v South Africa,Kolkata,25-Nov-05,lost
India,188/4,28.4,6.55,1,v New Zealand,Wellington,06-Mar-09,n/r
India,188,48.2,3.88,1,v West Indies,Kingston,28-Jun-09,lost
India,187,50,3.74,1,v Australia,Melbourne,09-Feb-86,lost
India,187/3,43.5,4.26,2,v West Indies,Bridgetown,29-May-02,won
India,187,47.3,3.93,1,v England,Lord's,08-Sep-07,lost
India,187/8,23,8.13,1,v England,Southampton,06-Sep-11,lost
India,187,44.5,4.17,2,v Sri Lanka,Kingston,02-Jul-13,lost
India,187/3,35.3,5.26,2,v Zimbabwe,Harare,28-Jul-13,won
India,185,48.1,3.84,1,v South Africa,Rajkot,29-Oct-96,lost
India,185/5,45.2,4.08,2,v Bangladesh,Mohali,14-May-98,won
India,185,43.3,4.25,2,v Sri Lanka,Port of Spain,23-Mar-07,lost
India,185/6,39.1,4.72,2,v West Indies,Perth,06-Mar-15,won
India,184/4,45.5,4.01,2,v Pakistan,Melbourne,20-Feb-85,won
India,184,50,3.68,1,v South Africa,Cape Town,07-Dec-92,lost
India,184/3,45.4,4.02,2,v Sri Lanka,Colombo (RPS),28-Jul-01,won
India,184,50,3.68,2,v England,Southampton,21-Aug-07,lost
India,183/2,37.4,4.85,2,v Pakistan,Sahiwal,03-Nov-78,lost
India,183,54.4,3.34,1,v West Indies,Lord's,25-Jun-83,won
India,183/8,50,3.66,1,v Pakistan,Sharjah,10-Apr-87,lost
India,183,48.2,3.78,1,v South Africa,Durban,26-Oct-01,lost
India,183/3,33.4,5.43,2,v West Indies,Port of Spain,08-Jun-11,won
India,182,55.5,3.25,1,v New Zealand,Leeds,13-Jun-79,lost
India,182/6,50,3.64,1,v Pakistan,Toronto,18-Sep-97,won
India,182,46.3,3.91,2,v Pakistan,Toronto,19-Sep-98,lost
India,182/2,35,5.2,2,v Sri Lanka,Cardiff,20-Jun-13,won
India,181,49.3,3.65,1,v New Zealand,Sharjah,20-Apr-98,lost
India,181/3,44,4.11,2,v New Zealand,Delhi,17-Nov-99,won
India,180/9,49,3.67,1,v Australia,Sydney,18-Dec-80,lost
India,180/4,45,4,1,v West Indies,Sharjah,22-Nov-85,lost
India,180/4,37.1,4.84,2,v Sri Lanka,Dhaka,04-Nov-88,won
India,180/6,30,6,1,v South Africa,Adelaide,15-Mar-92,lost
India,180,46.2,3.88,2,v Pakistan,Toronto,16-Sep-98,lost
India,180,36.5,4.88,2,v West Indies,Vijayawada,24-Nov-02,lost
India,180/4,36,5,2,v West Indies,Dambulla,31-Jul-05,won
India,180/3,32.2,5.56,2,v Sri Lanka,Hobart,26-Feb-08,won
India,179/9,50,3.58,1,v South Africa,Port Elizabeth,02-Feb-97,lost
India,179,48.3,3.69,1,v West Indies,Port of Spain,26-Apr-97,lost
India,179,49.5,3.59,1,v Sri Lanka,Sharjah,09-Nov-98,won
India,178/7,44,4.04,1,v West Indies,Guwahati,17-Dec-83,lost
India,178,45.5,3.88,2,v Sri Lanka,Cuttack,28-Dec-90,lost
India,178/7,40.4,4.37,2,v South Africa,Kolkata,10-Nov-91,won
India,178/2,38.3,4.62,2,v Bangladesh,Colombo (SSC),21-Jul-04,won
India,178,43.3,4.09,2,v Australia,Brisbane,19-Feb-12,lost
India,178,49.4,3.58,2,v West Indies,North Sound,02-Jul-17,lost
India,178/4,28,6.35,2,v West Indies,Ahmedabad,06-Feb-22,won
India,177/2,47.1,3.75,2,v Pakistan,Melbourne,10-Mar-85,won
India,177/3,42,4.21,2,v Australia,Sharjah,05-Apr-87,won
India,177,47.5,3.7,2,v South Africa,Durban,17-Dec-92,lost
India,177,45,3.93,2,v West Indies,Faridabad,17-Oct-94,lost
India,177,46.5,3.77,2,v Australia,Adelaide,26-Jan-00,lost
India,176,41.2,4.25,1,v West Indies,Srinagar,13-Oct-83,lost
India,176,41.4,4.22,2,v West Indies,Delhi,23-Oct-89,lost
India,176/5,46.4,3.77,2,v West Indies,Melbourne,16-Jan-92,won
India,176,46.4,3.77,2,v Kenya,Port Elizabeth,17-Oct-01,lost
India,175,37,4.72,1,v Australia,Thiruvananthapuram,01-Oct-84,n/r
India,175/8,50,3.5,1,v Australia,Hobart,10-Dec-91,lost
India,175,49.4,3.52,1,v Australia,Sydney,14-Jan-92,lost
India,174/5,46,3.78,2,v New Zealand,Adelaide,25-Jan-86,won
India,174/5,39.4,4.38,2,v West Indies,Gwalior,21-Feb-96,won
India,174/9,50,3.48,2,v Pakistan,Sharjah,26-Mar-00,lost
India,174,47.2,3.67,2,v Sri Lanka,Colombo (RPS),05-Aug-01,lost
India,174/3,36.2,4.78,2,v Bangladesh,Dubai (DSC),21-Sep-18,won
India,173/2,29.5,5.79,2,v Pakistan,Toronto,16-Sep-96,won
India,173/3,37.5,4.57,2,v Sri Lanka,Guwahati,22-Dec-97,won
India,173,39.3,4.37,2,v Sri Lanka,Karachi,06-Jul-08,lost
India,173/1,42.3,4.07,2,v Zimbabwe,Harare,11-Jun-16,won
India,172,40.5,4.21,2,v Australia,New Delhi,28-Sep-84,lost
India,171,47.3,3.6,1,v England,The Oval,15-Jul-74,lost
India,171/1,36.5,4.64,2,v Bangladesh,Chandigarh,25-Dec-90,won
India,171/4,35.4,4.79,2,v South Africa,Bengaluru,19-Nov-05,won
India,171/1,34.5,4.9,2,v Ireland,Belfast,23-Jun-07,won
India,171/4,34.3,4.95,2,v Sri Lanka,Dambulla,16-Aug-10,won
India,170/7,40,4.25,1,v Pakistan,Quetta,01-Oct-78,won
India,170,41.4,4.08,2,v England,Bengaluru,26-Feb-93,lost
India,170,49,3.46,1,v Pakistan,Hyderabad (Sind),28-Sep-97,lost
India,170/4,43.5,3.87,2,v West Indies,Bulawayo,30-Jun-01,won
India,170,43.5,3.87,1,v England,Nottingham,01-Sep-04,lost
India,170,48,3.54,1,v Australia,Guwahati,08-Nov-09,lost
India,169/6,40.4,4.15,2,v Pakistan,Jaipur,02-Oct-83,won
India,169/7,50,3.38,1,v West Indies,Sharjah,21-Oct-88,lost
India,169,48.1,3.5,1,v West Indies,Sharjah,13-Oct-89,lost
India,169,45,3.75,2,v Australia,Christchurch,03-Mar-90,lost
India,169,42.4,3.96,2,v Pakistan,Sharjah,07-Apr-95,lost
India,169/8,43.2,3.9,2,v New Zealand,Wellington,08-Jan-03,won
India,168,43.5,3.83,1,v Zimbabwe,Bulawayo,15-Feb-97,lost
India,168,42.1,3.98,2,v Pakistan,Bengaluru,04-Apr-99,lost
India,168,41.3,4.04,2,v South Africa,Cape Town,26-Nov-06,lost
India,168,37.2,4.5,2,v Sri Lanka,Colombo (RPS),12-Sep-09,lost
India,168/4,30.4,5.47,2,v Bangladesh,Dambulla,16-Jun-10,won
India,167,43.4,3.82,1,v Pakistan,Delhi,06-Jan-13,won
India,167/3,34,4.91,2,v Zimbabwe,Bulawayo,03-Aug-13,won
India,166,44.4,3.71,1,v West Indies,St George's,07-Apr-83,lost
India,166/1,25,6.64,2,v Zimbabwe,Kanpur,11-Dec-00,won
India,166/4,22,7.54,1,v England,Bengaluru,23-Nov-08,won
India,165/2,36.1,4.56,2,v Australia,Melbourne,03-Mar-85,won
India,165/8,45,3.66,2,v West Indies,Sharjah,30-Nov-86,lost
India,165,48.5,3.37,1,v West Indies,Mumbai,30-Oct-89,lost
India,165/2,37.3,4.4,2,v West Indies,Toronto,11-Sep-99,won
India,165,29.1,5.65,2,v England,The Oval,09-Jul-02,lost
India,165,39.3,4.17,2,v Australia,Sydney,26-Feb-12,lost
India,165,48,3.43,2,v Pakistan,Kolkata,03-Jan-13,lost
India,164/4,35.3,4.61,2,v England,Jalandhar,20-Dec-81,won
India,164/1,27.5,5.89,2,v Bangladesh,Sharjah,05-Apr-95,won
India,164,45.2,3.61,1,v South Africa,Sharjah,22-Mar-00,lost
India,164,48.5,3.35,1,v South Africa,Sharjah,27-Mar-00,lost
India,164,37.2,4.39,2,v New Zealand,Bulawayo,26-Aug-05,lost
India,164/2,29,5.65,2,v Pakistan,Dubai (DSC),19-Sep-18,won
India,163/7,39,4.17,2,v West Indies,Port of Spain,09-Mar-83,lost
India,163/1,47.2,3.44,2,v England,The Oval,24-May-86,won
India,163,35.4,4.57,2,v Sri Lanka,Colombo (SSC),01-Jul-98,lost
India,163/6,50,3.26,2,v Pakistan,Sharjah,08-Apr-99,lost
India,163,38.1,4.27,2,v South Africa,Port Elizabeth,29-Nov-06,lost
India,162,47.4,3.39,1,v New Zealand,Perth,09-Dec-80,won
India,162/8,55,2.94,2,v England,The Oval,04-Jun-82,lost
India,162/2,40.2,4.01,2,v Australia,Melbourne,16-Jan-86,won
India,162/3,25.3,6.35,2,v Pakistan,Toronto,20-Sep-97,won
India,162/5,32.3,4.98,2,v Pakistan,Multan,16-Feb-06,won
India,162,39.3,4.1,1,v West Indies,Kuala Lumpur,20-Sep-06,won
India,161,43,3.74,1,v Australia,Brisbane,12-Jan-86,lost
India,161/5,41.3,3.87,2,v New Zealand,Cuttack,12-Dec-88,won
India,161/9,50,3.22,1,v South Africa,Johannesburg,13-Dec-92,lost
India,161,39.2,4.09,2,v Pakistan,Toronto,21-Sep-96,lost
India,161,45.5,3.51,2,v Pakistan,Toronto,23-Sep-96,lost
India,160,45.5,3.49,1,v New Zealand,Napier,16-Feb-95,lost
India,160/5,45.5,3.49,2,v Australia,Melbourne,10-Feb-08,won
India,160/2,32.2,4.94,2,v Afghanistan,Mirpur,05-Mar-14,won
India,159,43.4,3.64,2,v Australia,Sydney,05-Feb-86,lost
India,159/4,21.5,7.28,2,v West Indies,Gros Islet,03-Jul-09,won
India,158,37.5,4.17,2,v Australia,Nottingham,13-Jun-83,lost
India,158,40.2,3.91,1,v England,Leeds,25-May-96,lost
India,158,30.3,5.18,2,v Pakistan,The Oval,18-Jun-17,lost
India,157/5,37.3,4.18,2,v Zimbabwe,Leicester,11-Jun-83,won
India,157/4,28,5.6,2,v Sri Lanka,Colombo (PSS),21-Sep-85,lost
India,157,48.4,3.22,1,v Australia,Adelaide,15-Dec-91,lost
India,157,46,3.41,2,v Pakistan,Perth,28-Jan-00,lost
India,157/3,28.1,5.57,2,v England,Ranchi,19-Jan-13,won
India,156,31.6x8,3.68,2,v New Zealand,Auckland,22-Feb-76,lost
India,156/7,46,3.39,1,v England,Ahmedabad,25-Nov-81,lost
India,156/4,40.3,3.85,2,v New Zealand,Colombo (RPS),11-Sep-09,won
India,156/2,34.5,4.47,2,v New Zealand,Napier,23-Jan-19,won
India,155,40.4,3.81,2,v Pakistan,Sharjah,17-Nov-85,lost
India,154,35.0x8,3.3,1,v New Zealand,Christchurch,21-Feb-76,lost
India,154/8,30,5.13,2,v West Indies,Singapore,05-Sep-99,lost
India,154,35.4,4.31,2,v South Africa,Durban,12-Jan-11,lost
India,153,45.2,3.37,2,v New Zealand,Hamilton,15-Feb-81,lost
India,153,37.1,4.11,2,v Pakistan,Quetta,12-Oct-84,lost
India,153,41.2,3.7,2,v Australia,Adelaide,17-Feb-08,lost
India,153/3,24.5,6.16,2,v Bangladesh,Mirpur,15-Jun-14,won
India,153,39.3,3.87,1,v England,Brisbane,20-Jan-15,lost
India,152/6,43,3.53,2,v Pakistan,Hyderabad (Deccan),10-Sep-83,won
India,152/4,30.2,5.01,2,v South Africa,Belfast,01-Jul-07,won
India,151/7,38,3.97,1,v Australia,Galle,23-Aug-99,lost
India,151,33.2,4.53,2,v Australia,Sydney,08-Feb-04,lost
India,151,29.4,5.08,2,v Australia,Melbourne,05-Feb-12,lost
India,150/3,27.3,5.45,2,v Zimbabwe,Guwahati,22-Mar-93,won
India,150/3,40.4,3.68,2,v New Zealand,Centurion,14-Mar-03,won
India,149/6,38.2,3.88,1,v West Indies,Singapore,07-Sep-99,n/r
India,149/5,43.3,3.42,2,v Pakistan,Sharjah,23-Mar-00,won
India,149,36.3,4.08,1,v New Zealand,Auckland,14-Mar-09,lost
India,148,48,3.08,1,v West Indies,Port of Spain,09-Mar-89,lost
India,148,39.4,3.73,1,v Australia,Vadodara,11-Oct-07,lost
India,147/3,37.3,3.92,2,v West Indies,Sharjah,22-Oct-91,won
India,147,49.4,2.95,1,v South Africa,Port Elizabeth,09-Dec-92,lost
India,146/2,27.3,5.3,2,v Sri Lanka,Guwahati,11-Jan-87,won
India,146/4,43.4,3.34,2,v New Zealand,Amritsar,18-Nov-95,won
India,146,46,3.17,1,v Sri Lanka,Dambulla,18-Aug-08,lost
India,146,39,3.74,2,v West Indies,North Sound,13-Jun-11,lost
India,146,35.1,4.15,2,v South Africa,Durban,08-Dec-13,lost
India,145,42,3.45,2,v Australia,Melbourne,18-Jan-92,lost
India,145/1,30.5,4.7,2,v Zimbabwe,Bulawayo,01-Aug-13,won
India,144,40.2,3.57,1,v Pakistan,Sharjah,05-Dec-86,lost
India,144,37,3.89,2,v Pakistan,Delhi,17-Apr-05,lost
India,143/6,40.4,3.51,2,v Pakistan,Dhaka,31-Oct-88,won
India,143/3,23.2,6.12,2,v New Zealand,Auckland,27-Mar-94,won
India,143/7,39.4,3.6,2,v Sri Lanka,Dambulla,20-Aug-08,won
India,142/6,32.5,4.32,2,v South Africa,Port Elizabeth,21-Jan-11,lost
India,141/3,26.5,5.25,1,v New Zealand,Chennai,23-Oct-03,n/r
India,140/9,45,3.11,2,v New Zealand,Auckland,14-Feb-81,lost
India,140/7,39.2,3.55,2,v Australia,Sharjah,29-Mar-85,won
India,138,32.1,4.29,2,v New Zealand,Dunedin,01-Mar-90,lost
India,138,33.3,4.11,1,v Sri Lanka,Hambantota,24-Jul-12,lost
India,137/7,26,5.26,1,v England,Jamshedpur,01-Mar-93,lost
India,137/1,26.2,5.2,2,v Zimbabwe,Harare,24-Jun-01,won
India,136/2,27.5,4.88,2,v Zimbabwe,Mumbai,17-Oct-87,won
India,136,40.3,3.35,1,v Sri Lanka,Margao,08-Dec-90,lost
India,136/6,30.3,4.45,2,v Zimbabwe,Perth,03-Feb-04,won
India,135,41.3,3.25,2,v West Indies,Guwahati,23-Dec-87,lost
India,135/4,33.1,4.07,2,v West Indies,Mumbai,20-Oct-94,won
India,135,36.1,3.73,2,v Pakistan,Jaipur,24-Mar-99,lost
India,134/7,41.4,3.21,2,v New Zealand,Sharjah,10-Apr-86,won
India,133,39.4,3.35,2,v New Zealand,Colombo (RPS),26-Jul-01,lost
India,132/3,60,2.2,2,v England,Lord's,07-Jun-75,lost
India,132/1,15,8.8,2,v Bangladesh,Colombo (SSC),24-Jul-97,won
India,131/2,24.2,5.38,2,v New Zealand,Colombo (RPS),23-Jun-98,n/r
India,130/3,32.1,4.04,2,v West Indies,Johannesburg,30-Sep-09,won
India,129/7,20,6.45,1,v England,Birmingham,23-Jun-13,won
India,129/2,26.5,4.8,2,v Zimbabwe,Harare,13-Jun-16,won
India,128/4,32,4,2,v New Zealand,Mumbai (BS),29-Nov-95,won
India,127,41.1,3.08,2,v New Zealand,Colombo (RPS),20-Jul-01,lost
India,127,27,4.7,2,v Pakistan,Amstelveen,21-Aug-04,lost
India,126,47.4,2.64,1,v West Indies,Perth,06-Dec-91,tied
India,126/6,29.3,4.27,2,v England,Jaipur,15-Oct-06,won
India,126/0,21.5,5.77,2,v Zimbabwe,Harare,15-Jun-16,won
India,125,42.4,2.92,1,v Pakistan,Sharjah,22-Mar-85,won
India,125/5,25,5,1,v Sri Lanka,Colombo (RPS),05-Sep-94,lost
India,125,45,2.77,1,v Pakistan,Sharjah,16-Apr-99,lost
India,125,41.4,3,1,v Australia,Centurion,15-Feb-03,lost
India,123/0,29.5,4.12,2,v East Africa,Leeds,11-Jun-75,won
India,123,25,4.92,1,v West Indies,Port of Spain,01-Jun-02,lost
India,123/2,20.2,6.04,2,v Sri Lanka,Mohali,28-Oct-05,won
India,122,43.4,2.79,1,v New Zealand,Queenstown,04-Jan-03,lost
India,122,44.5,2.72,1,v New Zealand,Hamilton,14-Jan-03,lost
India,120/9,42,2.85,1,v Pakistan,Pune,22-Mar-87,lost
India,120/8,34.1,3.51,2,v Sri Lanka,Kolkata,13-Mar-96,lost
India,120,41.5,2.86,2,v West Indies,Toronto,12-Sep-99,lost
India,120/2,22.4,5.29,2,v South Africa,Nairobi (Gym),26-Sep-99,won
India,119/3,29,4.1,1,v Sri Lanka,Port of Spain,09-Jul-13,won
India,119/9,34.2,3.46,1,v Bangladesh,Mirpur,19-Jun-14,n/r
India,119/1,20.3,5.8,2,v South Africa,Centurion,04-Feb-18,won
India,117/3,34.4,3.37,2,v Pakistan,Toronto,14-Sep-97,won
India,116/0,23.1,5,2,v West Indies,Port of Spain,27-Apr-97,won
India,116/5,29.2,3.95,2,v Bangladesh,Mumbai,25-May-98,won
India,114/5,15,7.6,2,v England,Chandigarh,27-Jan-85,lost
India,113,44.2,2.54,1,v New Zealand,Perth,18-Jan-86,lost
India,112/9,34,3.29,1,v New Zealand,Melbourne,10-Jan-81,lost
India,112,30.2,3.69,2,v Pakistan,Lahore,22-Dec-89,lost
India,112,38.2,2.92,1,v Sri Lanka,Dharamsala,10-Dec-17,lost
India,108,32.5,3.28,1,v New Zealand,Auckland,26-Dec-02,lost
India,108,41.1,2.62,1,v New Zealand,Christchurch,01-Jan-03,lost
India,107/2,21.1,5.05,2,v New Zealand,Chennai,10-Dec-10,won
India,105,25.3,4.11,1,v Bangladesh,Mirpur,17-Jun-14,won
India,105/1,14.5,7.07,2,v West Indies,Thiruvananthapuram,01-Nov-18,won
India,104/1,18.5,5.52,2,v U.A.E.,Perth,28-Feb-15,won
India,103,26.3,3.88,2,v Sri Lanka,Colombo (RPS),29-Aug-08,lost
India,103,33.4,3.05,1,v Sri Lanka,Dambulla,22-Aug-10,lost
India,102/2,19.1,5.32,2,v Pakistan,Birmingham,15-Jun-13,won
India,100/1,26,3.84,2,v Bangladesh,Chattogram,27-Oct-88,won
India,100,28.3,3.5,2,v West Indies,Ahmedabad,16-Nov-93,lost
India,100,36.3,2.73,1,v Australia,Sydney,14-Jan-00,lost
India,99/4,23.4,4.18,2,v Sri Lanka,Colombo (SSC),17-Sep-94,won
India,97/0,21.4,4.47,2,v Sri Lanka,Sharjah,08-Apr-84,won
India,96/5,17.1,5.59,2,v England,The Oval,23-May-96,n/r
India,92,30.5,2.98,1,v New Zealand,Hamilton,31-Jan-19,lost
India,91/0,11.3,7.91,2,v Kenya,Bloemfontein,12-Oct-01,won
India,91,29.1,3.12,2,v South Africa,Durban,22-Nov-06,lost
India,88,29.3,2.98,2,v New Zealand,Dambulla,10-Aug-10,lost
India,80/9,16,5,2,v Pakistan,Gujranwala,18-Dec-89,lost
India,79,34.2,2.3,1,v Pakistan,Sialkot,13-Oct-78,lost
India,78,24.1,3.22,2,v Sri Lanka,Kanpur,24-Dec-86,lost
India,69/2,16,4.31,1,v Australia,Sydney,26-Jan-15,n/r
India,63,25.5,2.43,1,v Australia,Sydney,08-Jan-81,lost
India,54,26.3,2.03,2,v Sri Lanka,Sharjah,29-Oct-00,lost
